Entidad,Contenido,Sentimiento,Positivo,Neutral,Negativo,LargoTexto
Super de Salud Chile,"RT @ministeriosalud: - Ministro Jaime Ma√±alich anuncia que a partir de la pr√≥xima semana se entregar√° ""Carnet COVID"".

""Para toda persona c‚Ä¶",neutral,0.16,0.79,0.05,140
Super de Salud Chile,"Reporte #Covid_19 por parte del Ministerio de Salud:

üîπ14.885 casos totales.

üîπ520 casos nuevos.

üîπ9 personas falle‚Ä¶ https://t.co/TwFsB4cVWx",negative,0.01,0.13,0.86,140
Super de Salud Chile,"RT @ministeriosalud: Ministro Jaime Ma√±alich | Red Asistencial #COVID_19

üîπ 418 hospitalizados 
üîπ 310 con ventilaci√≥n mec√°nica
üîπ 6.454 ex√°m‚Ä¶",neutral,0.02,0.94,0.04,140
Super de Salud Chile,"RT @ministeriosalud: ""Los menores de Antofagasta fueron desconectados de ventilaci√≥n mec√°nica y evolucionan de forma satisfactoria"".

- Min‚Ä¶",positive,0.64,0.18,0.18,140
Super de Salud Chile,"RT @ministeriosalud: ""El Hospital Claudio Vicu√±a sigue atendiendo con normalidad con su personal de salud. La direcci√≥n del Hospital descar‚Ä¶",negative,0.09,0.36,0.55,140
Super de Salud Chile,"RT @ministeriosalud: Subsec @pdazan | Cuarentenas

""Sabemos que esta es una medida muy estricta y es tremendamente importante que las perso‚Ä¶",neutral,0.32,0.38,0.3,140
Super de Salud Chile,"RT @ministeriosalud: üì∫Subsec @pdazan | En vivo @HolaChileLaRed 

""A personas asintom√°ticas, se tomar√° el examen de PCR a quienes est√©n cerc‚Ä¶",neutral,0.07,0.81,0.12,140
Instituto de Salud P√∫blica de Chile,"RT @arturozunigaj: Mi m√°s sentido p√©same a la familia, a las hijas y compa√±eros de trabajo de Lorena, la primera trabajadora de la #salud f‚Ä¶",positive,0.64,0.19,0.17,140
Instituto de Salud P√∫blica de Chile,"Prefiere medicamentos #bioequivalentes. 

El @ispch garantiza su calidad, seguridad y eficacia.

#ExigeElAmarillo https://t.co/xCvQJJLKMx",neutral,0.15,0.83,0.02,137
Super de Salud Chile,"RT @ministeriosalud: Subsec @pdazan:

""El examen de IgG determina que una persona tiene defensas contra el virus""

""El organismo produce an‚Ä¶",negative,0.01,0.32,0.67,140
Super de Salud Chile,"S√∫mate a #YoSirvoAMiPa√≠sEnLaEmergencia y #Cuid√©monosEntreTodos 

Si eres profesional o t√©cnico de salud, y quieres‚Ä¶ https://t.co/N80nTfdVsL",positive,0.59,0.13,0.28,139
Colmed Chile,"RT @izkia: Hoy tenemos 770 nuevos contagiados. Los asintom√°ticos, si bien se desconoce cuan infectantes son se deben aislar al igual que aq‚Ä¶",negative,0.09,0.35,0.56,140
Colmed Chile,"#DonaSangreDonaVida
En estos momentos nuestros bancos de sangre se encuentran en estado cr√≠tico, ya que ha disminui‚Ä¶ https://t.co/kXphV51NFK",neutral,0.3,0.44,0.26,140
Colmed Chile,RT @ColMedValpo: Hoy recordamos v√≠a streaming ¬øQu√© lugar tiene la salud en nuestras escuelas? mi√©rcoles 29 a las 20:00 @dridelatorre @mercu‚Ä¶,neutral,0.11,0.86,0.03,140
Instituto de Salud P√∫blica de Chile,"Donar sangre es donar vida.

Si tu comuna est√° en cuarentena puedes pedir tu permiso en https://t.co/ZzyyA2AUEJ‚Ä¶ https://t.co/o8HiZn3Fou",neutral,0.25,0.7,0.05,136
Colmed Chile,RT @hospitalcopiapo: Hoy recibimos una importante donaci√≥n: 19.500 mascarillas KN-95 las cuales ser√°n utilizaras por nuestros funcionarios‚Ä¶,neutral,0.07,0.86,0.07,139
Super de Salud Chile,RT @ministeriosalud: Minsal anuncia que Carnet #COVID_19 comenzar√° a ser entregado la pr√≥xima semana https://t.co/pmbviYduZr,neutral,0.07,0.69,0.24,124
Ministerio de Salud,"RT @presidencia_cl: AHORA ‚Äì El Pdte @sebastianpinera junto a ministros @mjose_zaldivar de @MintrabChile, @ignaciobriones_ de @Min_Hacienda‚Ä¶",neutral,0.1,0.68,0.22,139
Colmed Chile,RT @colmedLA: Junto a @mgzbiobio hicimos entrega de 3 mil mascarillas a @rsierrac director del @SSBiobio para distribuir entre los trabajad‚Ä¶,neutral,0.04,0.9,0.06,140
Colmed Chile,"Agradecemos al Alcalde de @CerroNaviaCL, @mtamayor por acercarse al @FelixHfb y donar sangre. A√∫n estas a tiempo de‚Ä¶ https://t.co/dpSvJYGHTy",positive,0.96,0.02,0.02,140
Colmed Chile,"Desde el #Colmed expresamos nuestro m√°s sentido p√©same a la familia y compa√±eros/as de Lorena, la primera trabajado‚Ä¶ https://t.co/LIzIT3vZxh",neutral,0.28,0.58,0.14,140
Ministerio de Salud,"RT @SuperDeSalud: [INFORMACI√ìN]
#BuenasNoticias 
Les dejamos el comunicado que pone fin al decreto que suspendi√≥ las garant√≠as GES.
La @Sup‚Ä¶",positive,0.91,0.02,0.07,140
Instituto de Salud P√∫blica de Chile,"Si tienes a un miembro del hogar diagnosticado con COVID 19, es muy importante que adoptes las siguientes medidas:‚Ä¶ https://t.co/B4qSdJTaaj",neutral,0.02,0.85,0.13,139
OPS/OMS,RT @OPSOMSMexico: Los ni√±os ‚Äçüëß‚Äçüë¶ necesitan el amor y la atenci√≥n de los adultos en los momentos dif√≠ciles. Ded√≠queles m√°s tiempo y atenci√≥n‚Ä¶,positive,0.86,0.0,0.14,140
OPS/OMS,RT @opsargentina: Hay que hacer todo lo posible para üõë parar enfermedades prevenibles por la vacunaci√≥n. Los brotes pueden derrumbar sistem‚Ä¶,negative,0.02,0.49,0.49,140
OPS/OMS,RT @OPSOMS_Honduras: El curso virtual sobre cuidado domiciliario de pacientes confirmados o sospechosos  de COVID19 puede ser visto y desca‚Ä¶,negative,0.03,0.02,0.95,140
OPS/OMS,"RT @OPSOMSPeru: üö® #COVID19 No se recomienda el uso de t√∫neles u otras estructuras f√≠sicas (cabinas, gabinetes, puertas) con rociado de prod‚Ä¶",negative,0.04,0.36,0.6,140
OPS/OMS,"RT @opsomsnic: Estar vacunado es importante cuando los sistemas de salud est√°n enfrentando #COVID19

Hagamos nuestra parte para poner fin a‚Ä¶",negative,0.1,0.41,0.49,140
Ministerio de Salud,"Ministro de Salud, Jaime Ma√±alich, participa v√≠a videoconferencia de la Comisi√≥n Mixta que revisa #LeyDeF√°rmacosII https://t.co/tKC3Wyx3Mx",neutral,0.01,0.97,0.02,138
OPS/OMS,"RT @bireme: @fiocruz  lan√ßa seu primeiro curso sobre #COVID19, online e gratuito, para profissionais de sa√∫de ""COVID-19: Manejo da infec√ß√£o‚Ä¶",positive,0.83,0.07,0.1,140
OPS/OMS,"RT @OPASOMSBrasil: P/ apoiar prof. de sa√∫de do üáßüá∑ em meio √† #COVID19, a OPAS lan√ßou 4 cursos:

üëâüèø Doen√ßas por v√≠rus respirat√≥rios emergente‚Ä¶",neutral,0.09,0.84,0.07,140
Colmed Chile,"RT @ColmedAtacama: @ColmedAtacama hace entrega de 9 mil 500 mascarillas KN95 al @hospitalcopiapo, gracias a alianza entre @colmedchile y @F‚Ä¶",positive,0.92,0.06,0.02,140
Ministerio de Salud,RT @arturozunigaj: Analizando situaci√≥n local y las medidas que se est√°n adoptando por #PlanCovid19 en la comuna de Gorbea #Araucan√≠a  alca‚Ä¶,neutral,0.01,0.94,0.05,140
Instituto de Salud P√∫blica de Chile,"Si est√°s en aislamiento domiciliario, es muy importante mantener las medidas de prevenci√≥n en el hogar.

- L√°vate l‚Ä¶ https://t.co/yKlcewmWSw",neutral,0.07,0.87,0.06,140
Colmed Chile,"[#PRENSA] En @TVN, el Dr. Gonzalo Cuadra, Coordinador de Salud Mental #Covid19 del #Colmed, se refiri√≥ a la salud m‚Ä¶ https://t.co/nxz9vyzMtd",neutral,0.04,0.89,0.07,140
Ministerio de Salud,Gobierno reactiva garant√≠a de oportunidad AUGE suspendidas por #COVID_19 y autoriza cirug√≠as ambulatorias‚Ä¶ https://t.co/kRvLvsLrKL,neutral,0.03,0.87,0.1,130
Ministerio de Salud,El proyecto de Protecci√≥n de Independientes establece la creaci√≥n de un Seguro Social de Protecci√≥n de Ingresos par‚Ä¶ https://t.co/KohUkWFIbe,neutral,0.1,0.89,0.01,140
Instituto de Salud P√∫blica de Chile,"A partir del jueves 30 de abril, a las 22:00 horas, nuevos sectores y comunas estar√°n en cuarentena.

M√°s informaci‚Ä¶ https://t.co/s1PQvf8kbY",neutral,0.15,0.79,0.06,140
Ministerio de Salud,RT @sebastianpinera: Como parte de la Red de Protecci√≥n Social q hemos construido hoy sumamos el Seguro de Ingresos para Trabajadores Indep‚Ä¶,neutral,0.29,0.57,0.14,140
Ministerio de Salud,RT @latercera: Minsal informa de nuevo criterio para notificaci√≥n de contagiados con coronavirus: se contabilizar√°n a asintom√°ticos que die‚Ä¶,negative,0.01,0.07,0.92,140
OPS/OMS,"‚ÑπÔ∏è #COVID19 #coronavirus

¬øCu√°l es la fuente de la OPS para adquirir equipo de protecci√≥n personal y respiradores p‚Ä¶ https://t.co/UO57Cxjy7a",neutral,0.12,0.85,0.03,140
Instituto de Salud P√∫blica de Chile,RT @ministeriosalud: Gobierno reactiva garant√≠a de oportunidad AUGE suspendidas por #COVID_19 y autoriza cirug√≠as ambulatorias  https://t.c‚Ä¶,neutral,0.03,0.87,0.1,140
Instituto de Salud P√∫blica de Chile,"RT @Cenabast: Esta tarde, la Farmacia VidaFarma de Linares recibi√≥ el sello que la identifica como farmacia adherida a la Ley Cenabast.  Pr‚Ä¶",neutral,0.06,0.89,0.05,140
Instituto de Salud P√∫blica de Chile,RT @arturozunigaj: Analizando situaci√≥n local y las medidas que se est√°n adoptando por #PlanCovid19 en la comuna de Gorbea #Araucan√≠a  alca‚Ä¶,neutral,0.01,0.94,0.05,140
Colmed Chile,"Mediante esta carta, la Sociedad Chilena de Enfermedades Respiratorias, la Mesa Ciudadana ""Tabaco o Salud"" y el‚Ä¶ https://t.co/jA3nLi43F0",neutral,0.02,0.62,0.36,136
Ministerio de Salud,"RT @24HorasTVN: La autoridad, detall√≥ que el cumplimiento de los plazos m√°ximos de atenci√≥n podr√° ser ‚Äúexigible por la poblaci√≥n y controla‚Ä¶",neutral,0.13,0.59,0.28,140
OPS/OMS,"RT @OPSOMSPeru: #YoMeQuedoEnCasa mantente f√≠sicamente activo y tranquilo  durante la cuarentena por la #COVID19. 

Planifica tus actividade‚Ä¶",positive,0.45,0.4,0.15,140
OPS/OMS,"üö® #COVID19 

""Las personas m√°s enfermas desarrollan inmunidad tard√≠a, pero no significa que esa inmmunidad va a ser‚Ä¶ https://t.co/w5Dc6e3MyW",negative,0.05,0.18,0.77,140
Ministerio de Salud,"¬øC√≥mo postular si eres profesional o t√©cnico de salud?

#YoSirvoAMiPa√≠sEnLaEmergencia e ingresa a‚Ä¶ https://t.co/feP2Y9qKWd",neutral,0.13,0.64,0.23,122
Instituto de Salud P√∫blica de Chile,"Recuerda que la vacuna contra la influenza es gratuita para personas mayores de 65 a√±os, ni√±os y ni√±as desde los 6‚Ä¶ https://t.co/fMeSEOzmeO",positive,0.87,0.02,0.11,139
